# Third-party charts this platform runs, installed and upgraded by install-third-party.sh (bootstrap,
# and release.sh whenever a release's values file changes). One release per line:
# release<TAB>namespace<TAB>chart<TAB>repo<TAB>version. Values live in charts/third-party/<release>/values.yaml.
# Order matters on a full install: Istio's base (CRDs) and istiod come first. The add-on versions match
# what Istio 1.27.2's samples/addons were generated from, so moving to these releases changed no
# running object.
istio-base	istio-system	base	https://istio-release.storage.googleapis.com/charts	1.27.2
istiod	istio-system	istiod	https://istio-release.storage.googleapis.com/charts	1.27.2
grafana	istio-system	grafana	https://grafana.github.io/helm-charts	9.2.2
prometheus	istio-system	prometheus	https://prometheus-community.github.io/helm-charts	27.23.0
kiali-server	istio-system	kiali-server	https://kiali.org/helm-charts	2.12.0
